Point,Actual Opinion,Predicted Opinion,
The partnership between AI and religious practices can enhance outreach efforts.,Pro,Pro,Same
The development of AI governance frameworks can foster responsible innovation.,Pro,Pro,Same
The collaboration between humans and AI can lead to innovative solutions.,Pro,Pro,Same
Large language models (LLMs) may decentralize industries by lowering communication barriers.,Pro,Pro,Same
Initiatives are advocating for energy-efficient AI models.,Pro,Pro,Same
Generative AI tools can assist journalists in quickly drafting articles.,Pro,Pro,Same
Generative AI platforms like ChatGPT are becoming integral to education.,Pro,Pro,Same
Generative AI can streamline content translation across multiple languages.,Pro,Pro,Same
"Generative AI can automate repetitive tasks, increasing productivity.",Pro,Pro,Same
Collaborative efforts between AI and humans can drive sustainable innovation.,Pro,Pro,Same
Christians can partner with AI to share the Good News more effectively.,Pro,Pro,Same
AI's use in monitoring online content can aid in child safety measures.,Pro,Pro,Same
AI's scalability can accelerate scientific research by analyzing vast datasets.,Pro,Pro,Same
AI's role in surveillance can strengthen national security measures.,Pro,Pro,Same
AI's role in law enforcement could enhance crime analysis capabilities.,Pro,Pro,Same
"AI's role in education is expanding, with tools acting as teaching assistants.",Pro,Pro,Same
AI's predictive modeling can improve urban planning and resource allocation.,Pro,Pro,Same
AI's adoption in healthcare can aid in faster diagnoses and personalized treatment plans.,Pro,Pro,Same
AI's ability to summarize documents saves time in legal and corporate sectors.,Pro,Pro,Same
AI-powered chatbots can provide mental health support and crisis intervention.,Pro,Pro,Same
AI-generated music is making creative tools accessible to amateur musicians.,Pro,Pro,Same
AI-driven simulations can enhance decision-making in disaster management.,Pro,Pro,Same
AI-driven automation can reduce human error in high-stakes industries.,Pro,Pro,Same
AI tools can help keep children safe online by monitoring content.,Pro,Pro,Same
AI tools can foster inclusivity by breaking down language barriers.,Pro,Pro,Same
AI models can improve accessibility for individuals with disabilities through voice and text assistance.,Pro,Pro,Same
AI is playing a critical role in advancing renewable energy technologies.,Pro,Pro,Same
AI is being used to design drugs and accelerate clinical trials.,Pro,Pro,Same
AI could support sustainability efforts by optimizing supply chains.,Pro,Pro,Same
AI could revolutionize artistic expression by providing tools for new creative mediums.,Pro,Pro,Same
AI could empower small creators by leveling the playing field with large corporations.,Pro,Pro,Same
AI can help detect and prevent online scams and fraud.,Pro,Pro,Same
"AI can enhance personalized marketing campaigns, boosting engagement.",Pro,Pro,Same
AI can enhance data analysis capabilities in intelligence agencies.,Pro,Pro,Same
AI can democratize access to advanced tools for smaller businesses.,Pro,Pro,Same
"AI can automate legal work, increasing efficiency in the legal sector.",Pro,Pro,Same
"AI can assist in content creation, enhancing creativity and efficiency.",Pro,Pro,Same
AI can assist in brainstorming and productivity for human experts.,Pro,Pro,Same
The use of AI in defense raises questions about autonomous decision-making in warfare.,Neutral,Con,Different
The rapid advancement of AI technology is leading to societal shifts.,Neutral,Neutral,Same
The originality of AI-generated art is debated in the context of intellectual property.,Neutral,Neutral,Same
The future of AI development depends on addressing current challenges.,Neutral,Neutral,Same
The ethical implications of AI in resource allocation remain underexplored.,Neutral,Neutral,Same
The ethical implications of AI in policing are under debate.,Neutral,Neutral,Same
The balance between AI assistance and human oversight is crucial.,Neutral,Neutral,Same
"LLMs introduce both opportunities and challenges, depending on their application.",Neutral,Neutral,Same
Human judgment remains paramount in intelligence work despite AI assistance.,Neutral,Neutral,Different
Generative AI requires robust regulation to ensure ethical use.,Neutral,Pro,Different
Concerns about ethical AI are prompting calls for transparency in algorithms.,Neutral,Pro,Same
AI's role in society requires ongoing ethical and practical evaluation.,Neutral,Neutral,Same
AI's role in religious contexts raises questions about authenticity and tradition.,Neutral,Neutral,Different
"AI's role in creative industries is growing, with some writers relying on AI tools.",Neutral,Neutral,Same
AI's presence in content creation platforms is more significant than anticipated.,Neutral,Neutral,Same
AI's potential to revolutionize industries is both exciting and concerning.,Neutral,Neutral,Same
AI's limitations highlight the importance of human creativity and judgment.,Neutral,Pro,Different
AI's integration into various industries is inevitable and requires adaptation.,Neutral,Neutral,Same
AI's integration into religious practices raises ethical considerations.,Neutral,Con,Same
AI's integration into education introduces both opportunities and challenges.,Neutral,Neutral,Same
AI's integration into daily life is becoming more prevalent.,Neutral,Neutral,Same
AI's environmental footprint is becoming a public concern.,Neutral,Con,Different
AI's development is prompting discussions about regulatory measures.,Neutral,Neutral,Same
AI's advancement is leading to discussions about its impact on employment.,Neutral,Neutral,Same
"Training LLMs demands high resources, potentially harming the environment.",Con,Con,Same
There are concerns about AI's reliability in critical decision-making processes.,Con,Con,Same
The use of AI in policing raises privacy and ethical concerns.,Con,Con,Same
The risk of deepfakes undermines trust in digital media.,Con,Con,Same
The lack of emotional intelligence in AI systems limits their effectiveness in mental health contexts.,Con,Con,Same
The financial sustainability of companies developing generative AI is under scrutiny.,Con,Con,Different
The cost of deploying AI systems may widen the gap between large and small organizations.,Con,Con,Same
The authenticity of AI-generated content is a concern for readers.,Con,Con,Same
"Researchers warn of ""black-box"" AI systems where decision-making processes are opaque.",Con,Con,Same
Relying on AI summaries may lead to the loss of nuanced understanding in complex cases.,Con,Con,Same
Poorly implemented AI translation systems can miscommunicate cultural nuances.,Con,Con,Same
Overreliance on AI translation tools may reduce the need for human linguists.,Con,Con,Same
Overreliance on AI may lead to job displacement in certain sectors.,Con,Con,Same
Overdependence on AI in healthcare raises concerns about accountability and trust.,Con,Con,Same
Misuse of generative AI tools could lead to increased cybercrime activity.,Con,Con,Same
High implementation costs hinder AI adoption in underdeveloped regions.,Con,Con,Same
Generative AI tools raise concerns about intellectual property infringement.,Con,Con,Same
"Generative AI models have been criticized for producing erroneous information, known as ""hallucinations.""",Con,Con,Same
Generative AI could exacerbate misinformation by producing plausible fake content.,Con,Con,Same
Expanding AI surveillance raises ethical issues about privacy and civil liberties.,Con,Con,Same
Ethical concerns arise from AI's potential to perpetuate biases in data.,Con,Con,Same
Errors in AI-generated legal documents highlight the need for human oversight.,Con,Con,Same
Data privacy concerns emerge as AI-driven marketing becomes more intrusive.,Con,Con,Same
Cybercriminals are leveraging AI for more sophisticated attacks.,Con,Con,Same
Critics argue that AI-generated music lacks emotional depth and human connection.,Con,Con,Same
Critics argue that AI in education may compromise traditional teaching methods.,Con,Con,Same
Automated journalism raises concerns about the authenticity of news content.,Con,Con,Same
AI's potential misuse in creating deepfakes is a security concern.,Con,Con,Same
AI's environmental impact is significant due to high energy consumption.,Con,Con,Same
AI's energy consumption is contributing to climate change challenges.,Con,Con,Same
AI's decisions in drug development are limited by incomplete datasets.,Con,Con,Same
AI's ability to self-teach without new data may lead to misinformation.,Con,Con,Same
AI's ability to generate realistic content poses challenges in distinguishing fact from fiction.,Con,Con,Same
"AI-generated content can lack originality, leading to homogenization.",Con,Con,Same
AI reliance in emergency scenarios could pose risks if systems fail.,Con,Con,Same
AI-powered drones can improve disaster relief efforts.,Pro,Pro,
AI can enhance remote learning with personalized content.,Pro,Pro,
AI can automate supply chain management to improve efficiency.,Pro,Pro,
AI systems can identify diseases in their early stages.,Pro,Pro,
AI models can revolutionize personalized financial planning.,Pro,Pro,
AI-driven analytics can optimize renewable energy utilization.,Pro,Pro,
AI can support architects in designing sustainable buildings.,Pro,Pro,
AI can create adaptive tools for people with learning disabilities.,Pro,Pro,
AI-driven chatbots can improve customer service efficiency.,Pro,Pro,
AI can enhance wildlife conservation through better tracking.,Pro,Pro,
AI's use in legal contexts can streamline case analysis.,Pro,Pro,
AI can create realistic virtual environments for training simulations.,Pro,Pro,
AI in agriculture can optimize irrigation for resource conservation.,Pro,Pro,
AI can identify patterns in climate data for better forecasting.,Pro,Pro,
AI can improve the scalability of small and medium enterprises.,Pro,Pro,
AI can reduce costs in logistics by improving route planning.,Pro,Pro,
AI can help monitor endangered species and prevent poaching.,Pro,Pro,
AI can support teachers by automating administrative tasks.,Pro,Pro,
AI can help identify and mitigate security vulnerabilities in systems.,Pro,Pro,
AI-based recommendation systems improve user experience in e-commerce.,Pro,Pro,
AI-powered language tools can help preserve endangered languages.,Pro,Pro,
AI can reduce costs of manufacturing by improving quality control.,Pro,Pro,
AI can create inclusive content for underrepresented audiences.,Pro,Pro,
AI's efficiency in fraud detection is revolutionizing banking security.,Pro,Pro,
AI-generated animations are making visual storytelling more accessible.,Pro,Pro,
AI can aid scientists in managing massive datasets for research.,Pro,Pro,
AI systems can optimize energy usage in smart cities.,Pro,Pro,
AI can help reduce waste by optimizing manufacturing processes.,Pro,Pro,
AI can automate testing in software development for greater accuracy.,Pro,Pro,
AI-powered virtual tutors can assist students in remote areas.,Pro,Pro,
AI can provide detailed insights into customer preferences.,Pro,Pro,
AI can enhance search-and-rescue operations in disaster zones.,Pro,Pro,
AI can assist in detecting illegal activities on social media platforms.,Pro,Pro,
AI can improve efficiency in renewable energy grid management.,Pro,Pro,
AI models are advancing early detection methods for genetic disorders.,Pro,Pro,
AI can enhance the experience of virtual reality gaming.,Pro,Pro,
AI can automate mundane administrative tasks in businesses.,Pro,Pro,
The implications of AI in labor markets remain uncertain.,Neutral,Neutral,
The rise of AI highlights gaps in digital literacy among populations.,Neutral,Neutral,
The integration of AI into public policy is a complex process.,Neutral,Neutral,
The ethical implications of autonomous vehicles are under debate.,Neutral,Neutral,
The reliability of AI in crisis management depends on its programming.,Neutral,Neutral,
The environmental impact of AI is becoming a growing concern.,Neutral,Neutral,
The balance between AI-generated and human-written content is debated.,Neutral,Neutral,
The potential for AI misuse remains a pressing challenge.,Neutral,Con,
The complexity of AI algorithms makes them difficult to regulate.,Neutral,Neutral,
The effectiveness of AI governance models varies across industries.,Neutral,Neutral,
The scope of AI applications continues to expand into uncharted territories.,Neutral,Neutral,
The ethics of AI-generated art require more thorough investigation.,Neutral,Neutral,
The collaboration between AI developers and ethicists is crucial.,Neutral,Pro,
The rise of AI in education requires adapting teaching methods.,Neutral,Pro,
The development of AI regulation is lagging behind its adoption.,Neutral,Con,
The role of humans in monitoring AI decisions is still pivotal.,Neutral,Neutral,
The adoption of AI in small businesses is met with mixed reactions.,Neutral,Neutral,
The inclusivity of AI systems is a growing area of interest.,Neutral,Neutral,
The implications of AI on long-term economic trends remain unclear.,Neutral,Neutral,
The efficiency gains of AI depend on proper implementation.,Neutral,Neutral,
The societal benefits of AI will require overcoming initial resistance.,Neutral,Pro,
The reliability of AI systems is highly context-dependent.,Neutral,Neutral,
The use of AI in creative industries is reshaping traditional workflows.,Neutral,Neutral,
The ethical concerns surrounding AI are spurring more oversight.,Neutral,Pro,
The advancements in AI are driving new discussions in the field of law.,Neutral,Pro,
AI models often reinforce existing biases in datasets.,Con,Con,
AI systems can perpetuate inequality if not carefully designed.,Con,Con,
"AI may displace low-skill jobs, exacerbating income inequality.",Con,Con,
The reliance on AI for legal decisions raises accountability concerns.,Con,Con,
AI-generated deepfakes threaten the integrity of digital evidence.,Con,Con,
Overreliance on AI in critical sectors poses risks of system failure.,Con,Con,
AI's carbon footprint is a significant environmental issue.,Con,Con,
The lack of transparency in AI decision-making undermines trust.,Con,Con,
AI systems are vulnerable to adversarial attacks.,Con,Con,
AI can exacerbate social inequalities if access is limited.,Con,Con,
The ethical implications of using AI in surveillance are troubling.,Con,Con,
AI can produce misleading information that is hard to verify.,Con,Con,
The monopolization of AI resources by large corporations is a concern.,Con,Con,
AI-based tools may lead to over-policing in certain communities.,Con,Con,
AI-generated content may blur the line between fact and fiction.,Con,Neutral,
AI adoption in education may widen the digital divide.,Con,Con,
AI-driven automation could lead to massive job displacement.,Con,Con,
AI may reduce opportunities for creative human input in industries.,Con,Con,
AI could lead to the erosion of privacy through excessive data collection.,Con,Con,
AI systems may reinforce stereotypes present in their training data.,Con,Con,
The misuse of AI in generating misinformation is a growing threat.,Con,Con,
AI's role in political campaigns may undermine democratic processes.,Con,Con,
AI's environmental costs may outweigh its economic benefits.,Con,Con,
AI's reliance on vast datasets creates data privacy issues.,Con,Con,
AI may compromise cybersecurity through sophisticated attack methods.,Con,Con,
AI can optimize traffic flow in urban areas to reduce congestion.,Pro,Pro,
AI tools can assist in creating personalized workout plans.,Pro,Pro,
AI is revolutionizing the entertainment industry by enhancing audience engagement.,Pro,Pro,
AI models can significantly reduce costs in supply chain management.,Pro,Pro,
AI can create immersive virtual experiences in education.,Pro,Pro,
AI can enhance biodiversity research by analyzing environmental data.,Pro,Pro,
AI can improve disaster prediction and response times.,Pro,Pro,
AI models can streamline financial auditing processes.,Pro,Pro,
AI can help reduce waste in food industries by optimizing distribution.,Pro,Pro,
AI can increase efficiency in personalized shopping experiences.,Pro,Pro,
AI-powered systems can support precision agriculture for better crop yields.,Pro,Pro,
AI-driven cybersecurity can provide real-time threat detection.,Pro,Pro,
AI can support climate change research by analyzing weather data.,Pro,Pro,
AI can assist in identifying potential pandemics through global data monitoring.,Pro,Pro,
AI systems can facilitate personalized learning experiences for students.,Pro,Pro,
AI can accelerate breakthroughs in drug discovery.,Pro,Pro,
AI can be used to create advanced prosthetics that adapt to individual users.,Pro,Pro,
AI can improve network management and reduce system downtime.,Pro,Pro,
AI can provide more efficient and accurate language translation for international communication.,Pro,Pro,
AI can assist scientists in exploring deep ocean ecosystems.,Pro,Pro,
AI can help improve accessibility for individuals with visual impairments.,Pro,Pro,
AI tools can provide personalized financial advice tailored to individual needs.,Pro,Pro,
AI can assist with environmental monitoring to identify pollution sources.,Pro,Pro,
AI can help healthcare systems predict and manage patient flow.,Pro,Pro,
AI can be used to predict trends in consumer behavior.,Pro,Pro,
AI can assist in identifying fraud patterns in financial transactions.,Pro,Pro,
AI tools can streamline customer service processes in retail.,Pro,Pro,
AI can improve energy storage systems to maximize renewable energy efficiency.,Pro,Pro,
AI can help improve mental health treatment by providing real-time data analysis.,Pro,Pro,
AI tools can aid in identifying early signs of mental health disorders.,Pro,Pro,
AI can optimize resource allocation in healthcare settings.,Pro,Pro,
AI can streamline manufacturing processes for better productivity.,Pro,Pro,
AI can assist in real-time traffic accident prediction and management.,Pro,Pro,
AI can enhance creative design by generating innovative solutions.,Pro,Pro,
AI can help manage inventory levels in warehouses to reduce costs.,Pro,Pro,
AI can improve the experience of virtual customer support through natural language processing.,Pro,Pro,
AI can help optimize energy consumption in homes and buildings.,Pro,Pro,
"AI can help develop new, sustainable materials for construction.",Pro,Pro,
AI can enhance supply chain logistics through predictive analytics.,Pro,Pro,
AI can assist in creating more inclusive digital experiences for people with disabilities.,Pro,Pro,
AI can aid in automating routine maintenance tasks in large industrial settings.,Pro,Pro,
AI can help businesses predict market fluctuations based on data trends.,Pro,Pro,
AI can streamline the process of personalizing digital advertisements.,Pro,Pro,
AI can create a more efficient recruitment process by analyzing candidate profiles.,Pro,Pro,
AI-powered virtual assistants can optimize everyday tasks.,Pro,Pro,
AI can provide greater customization in online retail by analyzing consumer preferences.,Pro,Pro,
AI models can support disaster recovery efforts by predicting future scenarios.,Pro,Pro,
AI can provide real-time translation for international meetings and conferences.,Pro,Pro,
AI can be used in healthcare to create personalized rehabilitation programs.,Pro,Pro,
AI can enhance data-driven decision-making processes in business.,Pro,Pro,
AI can help in the fight against human trafficking through data analysis and pattern recognition.,Pro,Pro,
AI-driven insights can guide decisions on environmental conservation efforts.,Pro,Pro,
AI tools can assist in translating ancient texts for research purposes.,Pro,Pro,
"AI can aid in forecasting natural disasters, saving lives.",Pro,Pro,
"AI can automate tasks in financial markets, improving efficiency.",Pro,Pro,
AI models can assist in predicting trends in public health.,Pro,Pro,
AI can help improve transportation systems with predictive modeling.,Pro,Pro,
AI's ability to learn from vast data can improve decision-making processes.,Pro,Pro,
AI tools can help with risk assessment in financial investments.,Pro,Pro,
The evolution of AI is pushing boundaries in medical diagnosis.,Pro,Pro,
AI models are being used to predict crop yields for better food security.,Pro,Pro,
AI can help optimize the supply of critical resources like water.,Pro,Pro,
AI systems are being integrated into home automation for better energy efficiency.,Pro,Pro,
AI-powered chatbots can improve the accuracy of customer service inquiries.,Pro,Pro,
AI can assist law enforcement in identifying potential criminal activity.,Pro,Pro,
AI can help healthcare professionals monitor patient health remotely.,Pro,Pro,
AI can be used to identify new patterns in genetic research.,Pro,Pro,
AI tools can assist in creating personalized nutrition plans.,Pro,Pro,
The introduction of AI-powered tools is driving innovations in art and design.,Pro,Pro,
The role of AI in transforming businesses is increasingly significant.,Pro,Pro,
AI is becoming a crucial tool for monitoring public health data.,Pro,Pro,
The rapid growth of AI is driving new economic opportunities across industries.,Pro,Pro,
AI models can make industries more sustainable by optimizing resource usage.,Pro,Pro,
The use of AI in education can assist teachers by providing valuable insights into student performance.,Pro,Pro,
The development of AI-based legal tools is making legal research more efficient.,Pro,Pro,
AI can improve the detection of cybersecurity threats in real-time.,Pro,Pro,
AI tools can improve the effectiveness of public service delivery.,Pro,Pro,
AI models are advancing the precision of personalized marketing.,Pro,Pro,
The use of AI in weather forecasting is improving the accuracy of predictions.,Pro,Pro,
AI can assist in analyzing traffic data to improve city planning.,Pro,Pro,
AI can enhance logistics in retail by optimizing delivery routes.,Pro,Pro,
AI can enhance decision-making in supply chain management.,Pro,Pro,
AI can assist in predictive maintenance for complex machinery.,Pro,Pro,
AI can help manage resources more effectively in agriculture.,Pro,Pro,
AI can help reduce food waste by predicting demand more accurately.,Pro,Pro,
AI can reduce human bias in hiring by analyzing job applicants objectively.,Pro,Pro,
AI can help artists experiment with new forms of creative expression.,Pro,Pro,
"AI systems are helping healthcare professionals make faster, more accurate decisions.",Pro,Pro,
AI-driven simulations can improve disaster preparedness.,Pro,Pro,
AI can help small businesses access tools that were once available only to larger companies.,Pro,Pro,
AI-powered systems can help reduce medical errors in hospitals.,Pro,Pro,
AI can improve the efficiency of public transport systems.,Pro,Pro,
AI-powered models can streamline real-time data analysis in businesses.,Pro,Pro,
AI can make climate change data more accessible to the public.,Pro,Pro,
AI-powered tools can predict shifts in consumer behavior to aid businesses.,Pro,Pro,
AI can help analyze trends in market demand for better pricing strategies.,Pro,Pro,
AI can automate medical imaging analysis for faster diagnosis.,Pro,Pro,
The use of AI in manufacturing is improving product quality control.,Pro,Pro,
The integration of AI into business processes is improving operational efficiency.,Pro,Pro,
AI can enhance personal security by monitoring suspicious activities.,Pro,Pro,
AI tools can assist in predictive analytics for business growth.,Pro,Pro,
AI is helping healthcare professionals in remote areas provide better care.,Pro,Pro,
AI can help identify trends in consumer purchasing patterns.,Pro,Pro,
The growing influence of AI in healthcare is improving patient outcomes.,Pro,Pro,
AI can optimize the use of renewable energy sources.,Pro,Pro,
AI-powered data analytics can help optimize manufacturing processes.,Pro,Pro,
The rise of AI is driving new forms of digital storytelling.,Pro,Pro,
AI can improve educational content by making it more interactive.,Pro,Pro,
AI can help streamline administrative tasks in educational institutions.,Pro,Pro,
The integration of AI tools is making it easier for companies to scale operations.,Pro,Pro,
AI can reduce operational costs for businesses through automation.,Pro,Pro,
AI tools can enhance user experience by predicting customer needs.,Pro,Pro,
AI-powered health tracking devices are improving patient care.,Pro,Pro,
The use of AI in logistics is optimizing global supply chains.,Pro,Pro,
AI models can assist in identifying patterns in complex financial data.,Pro,Pro,
AI can assist in automating compliance tasks for businesses.,Pro,Pro,
AI-powered tools can improve data-driven decision making.,Pro,Pro,
AI is being used to create more realistic virtual environments for gaming.,Pro,Pro,
AI models are transforming how businesses approach customer service.,Pro,Pro,
The integration of AI into industries like insurance is improving efficiency.,Pro,Pro,
AI-powered systems are helping reduce energy consumption in various industries.,Pro,Pro,
The growing capabilities of AI are changing the way we approach scientific research.,Pro,Pro,
AI can assist in improving traffic management in busy cities.,Pro,Pro,
AI can help in monitoring wildlife populations for better conservation.,Pro,Pro,
AI-powered tools can improve the decision-making process in business.,Pro,Pro,
AI can enhance virtual assistants' ability to handle complex queries.,Pro,Pro,
AI is being utilized to improve urban infrastructure planning.,Pro,Pro,
The role of AI in healthcare is transforming the delivery of medical services.,Pro,Pro,
AI can help businesses anticipate market shifts with predictive analytics.,Pro,Pro,
The use of AI to personalize online learning experiences is growing.,Pro,Pro,
AI tools can assist in identifying fraudulent financial activity.,Pro,Pro,
The role of AI in healthcare is improving the management of chronic diseases.,Pro,Pro,
"AI is helping automate repetitive tasks, freeing up human workers for more valuable work.",Pro,Pro,
AI can be used to automate legal research for better efficiency.,Pro,Pro,
AI is enhancing the field of robotics for manufacturing industries.,Pro,Pro,
The use of AI in public safety systems is improving response times.,Pro,Pro,
The integration of AI in industrial automation is improving production efficiency.,Pro,Pro,
AI is changing the way businesses analyze and use consumer data.,Pro,Neutral,
AI tools are helping businesses create more personalized customer experiences.,Pro,Pro,
The use of AI in cybersecurity is improving the protection of digital data.,Pro,Pro,
AI-driven systems are streamlining the process of finding healthcare providers.,Pro,Pro,
AI models are providing valuable insights for business strategy.,Pro,Pro,
AI is playing a role in managing and improving supply chain logistics.,Pro,Pro,
AI is helping to optimize the performance of renewable energy systems.,Pro,Pro,
AI is transforming industries by automating and improving decision-making processes.,Pro,Pro,
AI-driven chatbots are streamlining customer service interactions.,Pro,Pro,
The use of AI in automated trading is improving market efficiencies.,Pro,Pro,
AI can streamline healthcare data management to improve patient care.,Pro,Pro,
AI can help businesses anticipate future demand for products.,Pro,Pro,
AI is reshaping education by providing personalized learning paths for students.,Pro,Pro,
AI is being used to streamline government operations and improve public services.,Pro,Pro,
AI is assisting in enhancing public health initiatives through data analysis.,Pro,Pro,
The introduction of AI is transforming customer service across industries.,Pro,Pro,
AI is playing an important role in advancing scientific discoveries.,Pro,Pro,
"AI is helping improve decision-making processes in various fields, including healthcare.",Pro,Pro,
AI is helping identify previously undetected patterns in complex data sets.,Pro,Pro,
AI-powered systems are enhancing the efficiency of public transportation networks.,Pro,Pro,
AI can predict consumer trends to optimize product development.,Pro,Pro,
AI can assist in personalizing fitness programs for individuals.,Pro,Pro,
AI is transforming industries by enhancing data-driven decision-making.,Pro,Pro,
AI can automate administrative tasks to free up time for professionals.,Pro,Pro,
AI can help improve the quality of personalized healthcare plans.,Pro,Pro,
AI-driven models are aiding in early detection of diseases.,Pro,Pro,
AI tools can improve the speed of software development through automation.,Pro,Pro,
AI can help optimize supply chain management to reduce waste.,Pro,Pro,
AI models are used to improve the accuracy of climate change predictions.,Pro,Pro,
AI can help create more engaging interactive experiences in education.,Pro,Pro,
AI can optimize resource allocation in emergency management.,Pro,Pro,
AI is enhancing research capabilities in genetic studies.,Pro,Pro,
AI-driven systems are helping businesses create more targeted marketing campaigns.,Pro,Pro,
AI can help companies anticipate market fluctuations and adjust pricing strategies.,Pro,Pro,
AI can assist in detecting fraud in real-time in financial systems.,Pro,Pro,
AI is enhancing natural language processing capabilities for better communication.,Pro,Pro,
AI can help prevent cybersecurity threats by analyzing patterns of malicious activity.,Pro,Pro,
AI is improving public health outcomes through better data analysis.,Pro,Pro,
AI can streamline inventory management in retail businesses.,Pro,Pro,
AI can help improve the effectiveness of personalized advertising.,Pro,Pro,
AI can assist in predicting future sales trends in retail.,Pro,Pro,
AI can be used in traffic systems to reduce congestion.,Pro,Pro,
AI-powered chatbots can enhance customer service by providing quick responses.,Pro,Pro,
AI can help healthcare systems optimize patient scheduling to reduce wait times.,Pro,Pro,
AI models can be used to detect early signs of fraud in financial transactions.,Pro,Pro,
AI can assist in automating routine tasks in industries like logistics and manufacturing.,Pro,Pro,
AI can improve healthcare outcomes by providing personalized treatment plans.,Pro,Pro,
AI tools can assist in identifying emerging market opportunities.,Pro,Pro,
AI-powered systems can optimize production processes in manufacturing.,Pro,Pro,
AI can help design smart cities by optimizing traffic flow and resource allocation.,Pro,Pro,
AI is advancing robotics for better automation in industries like automotive manufacturing.,Pro,Pro,
AI can be used to improve sustainability practices in agriculture.,Pro,Pro,
AI-powered systems are being used to predict supply chain disruptions.,Pro,Pro,
"AI can help reduce human error in complex systems, such as aviation.",Pro,Pro,
AI can improve the performance of renewable energy systems through predictive maintenance.,Pro,Pro,
AI can be used in disaster response to predict and mitigate damage.,Pro,Pro,
AI tools can assist in financial planning by providing personalized recommendations.,Pro,Pro,
AI is helping improve customer experience through personalized recommendations.,Pro,Pro,
AI can optimize healthcare delivery by providing real-time data analysis.,Pro,Pro,
AI models can be used to improve weather prediction accuracy.,Pro,Pro,
AI can assist in reducing the environmental impact of industrial operations.,Pro,Pro,
AI can be used to enhance virtual reality experiences in gaming.,Pro,Pro,
AI models are helping researchers uncover insights in complex data sets.,Pro,Pro,
AI tools can help improve decision-making in marketing and advertising strategies.,Pro,Pro,
AI is enhancing the capabilities of personal assistants like Siri and Alexa.,Pro,Pro,
AI is transforming healthcare by enabling remote patient monitoring.,Pro,Pro,
AI can be used to optimize energy consumption in homes and businesses.,Pro,Pro,
AI models can assist in understanding complex social dynamics for better public policy.,Pro,Pro,
AI can help improve the safety of autonomous vehicles.,Pro,Pro,
AI-driven systems can help prevent workplace accidents by analyzing safety data.,Pro,Pro,
AI tools can enhance the capabilities of smart home devices.,Pro,Pro,
AI can help analyze genetic data to improve personalized medicine.,Pro,Pro,
AI models are transforming scientific research by automating data analysis.,Pro,Pro,
AI can enhance the accuracy of voice recognition systems.,Pro,Pro,
AI is being used to improve the customer experience in retail by predicting needs.,Pro,Pro,
AI-powered models can streamline complex legal research processes.,Pro,Pro,
AI can assist in improving the accuracy of medical diagnoses.,Pro,Pro,
AI can help reduce the cost of goods by optimizing production processes.,Pro,Pro,
AI is enhancing data-driven insights to improve decision-making in business.,Pro,Pro,
AI can assist in identifying trends in large data sets for better forecasting.,Pro,Pro,
AI tools are helping educators create personalized learning experiences.,Pro,Pro,
AI is playing a role in revolutionizing digital marketing strategies.,Pro,Pro,
AI can be used to optimize network performance in telecommunications.,Pro,Pro,
AI models can enhance the performance of virtual assistants.,Pro,Pro,
AI can help increase the efficiency of distribution networks.,Pro,Pro,
AI can automate data processing to save time and resources.,Pro,Pro,
AI can be used to improve decision-making in the financial industry.,Pro,Pro,
AI is helping businesses understand customer behavior through data analysis.,Pro,Pro,
AI can assist in managing inventory and supply chains more effectively.,Pro,Pro,
AI tools can help improve cybersecurity by detecting vulnerabilities in systems.,Pro,Pro,
AI is improving the efficiency of manufacturing operations through automation.,Pro,Pro,
AI can be used to develop more effective drug treatments by analyzing genetic data.,Pro,Pro,
AI can help improve the accuracy of financial forecasting.,Pro,Pro,
AI models are being used to predict the outcomes of clinical trials.,Pro,Pro,
AI tools can assist in identifying potential risks in business operations.,Pro,Pro,
AI is helping to optimize healthcare management and delivery systems.,Pro,Pro,
AI-powered systems can improve employee productivity by automating routine tasks.,Pro,Pro,
AI can assist in improving public health monitoring systems.,Pro,Pro,
AI models can be used to improve traffic management in urban areas.,Pro,Pro,
AI-powered systems are helping businesses provide more personalized customer experiences.,Pro,Pro,
AI can be used to optimize scheduling and resource allocation in healthcare.,Pro,Pro,
AI can assist in predicting market trends in the stock market.,Pro,Pro,
AI can be used to enhance remote work experiences by providing personalized solutions.,Pro,Pro,
AI models are helping businesses improve their supply chain efficiency.,Pro,Pro,
AI tools can help improve the efficiency of customer support systems.,Pro,Pro,
AI is transforming the way businesses understand and predict consumer behavior.,Pro,Pro,
AI is revolutionizing manufacturing by streamlining processes and improving quality control.,Pro,Pro,
AI can enhance the personalization of healthcare plans for patients.,Pro,Pro,
AI tools can assist in improving customer retention strategies.,Pro,Pro,
AI can be used to help businesses better understand their competition.,Pro,Pro,
AI can assist in optimizing marketing campaigns based on consumer data analysis.,Pro,Pro,
AI can be used to predict and manage supply chain disruptions.,Pro,Pro,
AI can help enhance the user experience in e-commerce platforms.,Pro,Pro,
AI models can improve the effectiveness of virtual assistants in customer service.,Pro,Pro,
AI can enhance the predictive power of data analytics in various industries.,Pro,Pro,
AI can optimize business processes by analyzing data in real time.,Pro,Pro,
AI is improving the accuracy and speed of medical diagnosis.,Pro,Pro,
AI-powered systems can help optimize the energy efficiency of buildings.,Pro,Pro,
AI can assist in the development of more effective disaster response strategies.,Pro,Pro,
AI is being used to improve healthcare delivery by enabling personalized medicine.,Pro,Pro,
AI models can help predict future trends in consumer behavior.,Pro,Pro,
AI can assist in automating repetitive tasks in customer service.,Pro,Pro,
AI-powered systems can help optimize resource management in industries like construction.,Pro,Pro,
AI can help businesses personalize customer interactions by analyzing behavior.,Pro,Pro,
AI is transforming the way healthcare providers diagnose and treat patients.,Pro,Pro,
AI can assist in improving public safety by analyzing crime data.,Pro,Pro,
AI is helping businesses stay competitive by providing data-driven insights.,Pro,Pro,
AI tools can assist in improving the efficiency of human resources management.,Pro,Pro,
AI is revolutionizing the gaming industry by creating more realistic virtual environments.,Pro,Pro,
AI can help improve the accuracy of language translation systems.,Pro,Pro,
AI-powered systems can help streamline supply chain operations.,Pro,Pro,
AI is advancing research capabilities in various scientific fields.,Pro,Pro,
AI can help businesses predict demand and adjust production accordingly.,Pro,Pro,
AI models can enhance the security of digital transactions.,Pro,Pro,
AI can be used to personalize online experiences for consumers.,Pro,Pro,
AI can improve customer service by providing personalized recommendations.,Pro,Pro,
AI can help businesses predict demand and optimize inventory management.,Pro,Pro,
"AI tools can assist in automating routine business operations, saving time.",Pro,Pro,
AI can enhance the precision of financial risk assessments.,Pro,Pro,
AI-powered algorithms can enhance the accuracy of real-time traffic updates.,Pro,Pro,
AI is improving energy efficiency in industries by optimizing resource allocation.,Pro,Pro,
AI can streamline administrative tasks in healthcare to improve efficiency.,Pro,Pro,
AI can optimize customer acquisition strategies for businesses.,Pro,Pro,
AI can help identify potential risks in investment portfolios.,Pro,Pro,
AI is transforming the entertainment industry by enhancing personalized recommendations.,Pro,Pro,
AI-driven marketing can improve ad targeting and reduce costs.,Pro,Pro,
AI can assist in optimizing agricultural practices to increase crop yields.,Pro,Pro,
AI can help identify emerging market trends for investors.,Pro,Pro,
AI tools can automate data analysis for quicker decision-making.,Pro,Pro,
AI can improve the efficiency of supply chain management through predictive analytics.,Pro,Pro,
AI-powered chatbots can assist in answering customer inquiries 24/7.,Pro,Pro,
AI can optimize product pricing strategies based on market trends.,Pro,Pro,
AI models can predict consumer behavior to improve product development.,Pro,Pro,
AI can assist in providing personalized fitness plans for individuals.,Pro,Pro,
AI can help identify patterns in financial data to improve forecasting accuracy.,Pro,Pro,
AI can reduce the environmental impact of manufacturing through resource optimization.,Pro,Pro,
AI can help enhance patient care by streamlining hospital operations.,Pro,Pro,
AI can assist in optimizing project management by predicting timelines and resource needs.,Pro,Pro,
AI-powered systems can improve the quality of online education through personalized learning.,Pro,Pro,
AI tools can be used to detect fraud in financial transactions in real-time.,Pro,Pro,
AI can help businesses improve customer retention by analyzing behavior.,Pro,Pro,
AI is improving the efficiency of logistics by optimizing routes and delivery schedules.,Pro,Pro,
AI is enhancing cybersecurity by identifying vulnerabilities in real-time.,Pro,Pro,
AI can help streamline product testing and quality control in manufacturing.,Pro,Pro,
AI can optimize energy consumption in homes through smart devices.,Pro,Pro,
AI models can help businesses make data-driven decisions for better outcomes.,Pro,Pro,
AI is enhancing online shopping experiences by providing personalized recommendations.,Pro,Pro,
"AI can be used to predict changes in consumer demand, allowing businesses to adapt.",Pro,Pro,
AI can assist in the detection of early signs of diseases like cancer.,Pro,Pro,
AI is improving healthcare delivery through telemedicine and virtual consultations.,Pro,Pro,
AI is transforming the finance industry by automating processes and reducing costs.,Pro,Pro,
AI-powered systems can help in disaster response by predicting affected areas.,Pro,Pro,
AI can assist in detecting patterns of cyber threats and preventing attacks.,Pro,Pro,
AI is helping optimize content delivery in online platforms based on user behavior.,Pro,Pro,
AI models are improving voice recognition systems for more accurate responses.,Pro,Pro,
AI can help businesses optimize staffing levels based on demand predictions.,Pro,Pro,
AI is transforming how we interact with technology through voice assistants.,Pro,Pro,
AI can help businesses improve inventory management by predicting future demand.,Pro,Pro,
"AI can automate data collection and reporting in various industries, improving efficiency.",Pro,Pro,
AI can help improve the accuracy of weather forecasting.,Pro,Pro,
AI can optimize transportation systems in cities to reduce congestion.,Pro,Pro,
AI can help improve public health monitoring systems by analyzing trends in real-time.,Pro,Pro,
AI is enhancing personalization in e-commerce by analyzing customer preferences.,Pro,Pro,
AI is improving public safety by enhancing surveillance systems.,Pro,Pro,
AI can help optimize production schedules in manufacturing.,Pro,Pro,
AI-powered systems can improve decision-making in the energy sector by optimizing grid management.,Pro,Pro,
AI can assist in predicting market volatility for investors.,Pro,Pro,
AI tools can help streamline regulatory compliance in industries like healthcare.,Pro,Pro,
"AI is helping companies automate customer service tasks, reducing operational costs.",Pro,Pro,
AI can be used to personalize online learning experiences for students.,Pro,Pro,
AI can assist in monitoring environmental conditions to prevent disasters.,Pro,Pro,
AI is enhancing the accuracy of medical diagnostics through image analysis.,Pro,Pro,
AI models can optimize advertising strategies by predicting audience behavior.,Pro,Pro,
AI can help reduce waste in food production by optimizing supply chain processes.,Pro,Pro,
AI tools can automate the analysis of social media data to identify trends.,Pro,Pro,
AI can assist in reducing workplace accidents by monitoring safety conditions.,Pro,Pro,
AI is improving the quality of online education by providing adaptive learning experiences.,Pro,Pro,
AI can optimize sales strategies by predicting customer preferences.,Pro,Pro,
AI models can assist in early detection of mental health issues.,Pro,Pro,
AI is advancing personalized medicine by analyzing patient data for tailored treatments.,Pro,Pro,
AI can assist in designing smarter cities by optimizing infrastructure.,Pro,Pro,
AI tools are transforming human resources by automating recruitment processes.,Pro,Pro,
AI can enhance productivity in industries by automating repetitive tasks.,Pro,Pro,
AI can optimize waste management in cities through better planning and routing.,Pro,Pro,
AI-powered systems can improve supply chain transparency for better decision-making.,Pro,Pro,
AI can enhance retail experiences by providing personalized recommendations.,Pro,Pro,
AI can be used to predict and prevent financial crises by analyzing market patterns.,Pro,Pro,
AI can streamline government services by automating administrative tasks.,Pro,Pro,
AI models can improve customer relationship management through predictive analytics.,Pro,Pro,
AI is improving the effectiveness of remote learning by personalizing experiences.,Pro,Pro,
AI can assist in disaster preparedness by providing predictive insights.,Pro,Pro,
AI is transforming content creation in the entertainment industry by automating processes.,Pro,Pro,
AI-powered systems can improve energy efficiency in industrial processes.,Pro,Pro,
AI is enhancing customer service through intelligent chatbots and virtual assistants.,Pro,Pro,
AI can assist in optimizing healthcare workflows by automating scheduling and task management.,Pro,Pro,
AI models can help businesses predict future trends in consumer behavior.,Pro,Pro,
AI can be used to personalize recommendations for streaming services.,Pro,Pro,
AI tools can assist in improving decision-making in complex legal cases.,Pro,Pro,
AI can help businesses optimize their marketing strategies through data-driven insights.,Pro,Pro,
AI can improve the efficiency of scientific research by automating data analysis.,Pro,Pro,
AI is being used to automate routine tasks in industries like retail and manufacturing.,Pro,Neutral,
AI can assist in identifying patterns in large datasets for predictive analysis.,Pro,Pro,
AI can enhance decision-making in crisis management through predictive simulations.,Pro,Pro,
AI can help improve traffic flow in cities through intelligent transportation systems.,Pro,Pro,
AI-powered models can assist in better resource allocation for public services.,Pro,Pro,
AI is transforming the banking industry by automating processes and improving customer service.,Pro,Pro,
AI is improving personalized shopping experiences by analyzing customer data.,Pro,Pro,
AI can help identify emerging risks in business and provide insights for mitigation.,Pro,Pro,
AI tools can assist in optimizing marketing efforts by predicting customer needs.,Pro,Pro,
AI is improving healthcare management by providing personalized patient recommendations.,Pro,Pro,
AI models can optimize the efficiency of financial systems by automating transactions.,Pro,Pro,
AI can help in disaster recovery by providing predictive insights based on real-time data.,Pro,Pro,
AI is improving the accuracy of translations through advanced language models.,Pro,Pro,
AI is transforming how companies analyze and use customer data for marketing strategies.,Pro,Pro,
AI can help optimize energy production and consumption in power grids.,Pro,Pro,
AI models can assist in the identification of emerging market opportunities.,Pro,Pro,
AI-powered systems are improving the efficiency of logistics and supply chains.,Pro,Pro,
AI can be used to monitor environmental changes in real-time for better decision-making.,Pro,Pro,
AI is enhancing research capabilities in the pharmaceutical industry by analyzing clinical data.,Pro,Pro,
AI is being used to optimize product design by analyzing customer feedback and trends.,Pro,Pro,
AI-powered systems are helping businesses increase profitability through data-driven decisions.,Pro,Pro,
AI is transforming the healthcare industry by improving diagnostic accuracy.,Pro,Pro,
AI can assist in developing more efficient public transportation systems.,Pro,Pro,
AI is optimizing real-time data analysis for improved decision-making.,Pro,Pro,
AI can help improve the efficiency of inventory management in e-commerce.,Pro,Pro,
AI-powered systems can streamline customer support by providing real-time solutions.,Pro,Pro,
AI can help improve patient care by predicting potential health issues early.,Pro,Pro,
AI is transforming business operations by automating routine tasks.,Pro,Pro,
AI can help identify new business opportunities by analyzing market data.,Pro,Pro,
AI tools can assist in optimizing healthcare systems by reducing wait times.,Pro,Pro,
AI can optimize content recommendations in streaming platforms.,Pro,Pro,
AI-powered algorithms can enhance the accuracy of personalized advertising.,Pro,Pro,
AI can help businesses streamline financial forecasting by analyzing historical data.,Pro,Pro,
AI can assist in creating more effective marketing strategies by analyzing customer trends.,Pro,Pro,
"AI tools can automate customer service inquiries, freeing up human agents for more complex issues.",Pro,Pro,
AI can enhance transportation systems by optimizing traffic flow and reducing congestion.,Pro,Pro,
AI-powered systems can streamline disaster recovery efforts by predicting damage patterns.,Pro,Pro,
"AI can enhance the accuracy of climate models, improving environmental predictions.",Pro,Pro,
AI is improving the quality of life by enhancing accessibility features for people with disabilities.,Pro,Pro,
AI can optimize employee productivity by automating repetitive tasks in the workplace.,Pro,Pro,
AI tools can assist in reducing waste by predicting consumer demand.,Pro,Pro,
AI is helping reduce energy consumption by optimizing heating and cooling systems in buildings.,Pro,Pro,
AI-powered systems can improve the precision of medical treatments by analyzing patient data.,Pro,Pro,
AI is enhancing decision-making in businesses by automating complex processes.,Pro,Pro,
AI can help improve the efficiency of the education system by personalizing learning experiences.,Pro,Pro,
"AI can predict consumer behavior, helping businesses tailor their offerings accordingly.",Pro,Pro,
AI tools can assist in creating more efficient workflows in industries like manufacturing.,Pro,Pro,
AI can assist in identifying emerging trends in industries like fashion and technology.,Pro,Pro,
AI-powered systems are helping businesses better understand customer needs.,Pro,Pro,
AI is enhancing public safety by monitoring potential threats in real-time.,Pro,Pro,
AI can help in reducing environmental impact by optimizing the use of natural resources.,Pro,Pro,
AI models can assist in predicting future trends in financial markets.,Pro,Pro,
AI is revolutionizing the healthcare industry by assisting in early diagnosis of diseases.,Pro,Pro,
AI can help optimize energy production by predicting peak demand times.,Pro,Pro,
AI-powered chatbots are improving customer engagement by providing personalized interactions.,Pro,Pro,
"AI is improving the accuracy of medical imaging, enabling quicker and more accurate diagnoses.",Pro,Pro,
AI can assist in improving product design by analyzing customer feedback.,Pro,Pro,
AI is transforming the manufacturing industry by improving production efficiency.,Pro,Pro,
AI can enhance retail experiences by analyzing customer shopping patterns.,Pro,Pro,
AI is enhancing customer support by providing real-time solutions to customer queries.,Pro,Pro,
AI models are helping to improve financial decision-making by analyzing market trends.,Pro,Pro,
AI is improving the quality of public services by optimizing resource allocation.,Pro,Pro,
AI tools can help streamline project management by predicting deadlines and milestones.,Pro,Pro,
AI can assist in optimizing the use of resources in agriculture to increase crop yield.,Pro,Pro,
AI-powered systems can help businesses identify opportunities for cost reduction.,Pro,Pro,
"AI is advancing autonomous driving technology, making transportation safer and more efficient.",Pro,Pro,
AI can help in improving disaster preparedness by predicting potential natural disasters.,Pro,Pro,
AI is transforming education by providing personalized learning experiences.,Pro,Pro,
AI tools can automate data collection for better decision-making in businesses.,Pro,Pro,
AI can improve public health by analyzing health trends and predicting disease outbreaks.,Pro,Pro,
AI can optimize logistics by predicting optimal delivery routes.,Pro,Pro,
AI can improve traffic management by providing real-time data on traffic conditions.,Pro,Pro,
AI is improving accessibility for people with visual or hearing impairments.,Pro,Pro,
AI-powered systems can help optimize marketing campaigns by analyzing customer responses.,Pro,Pro,
AI can assist in improving customer satisfaction by predicting customer preferences.,Pro,Pro,
AI can help identify potential risks in industries like finance and healthcare.,Pro,Pro,
AI is improving retail by optimizing supply chain management and stock levels.,Pro,Pro,
AI is transforming customer service by providing intelligent virtual assistants.,Pro,Pro,
AI models can assist in improving business strategies by providing data-driven insights.,Pro,Pro,
AI can help businesses make better decisions by analyzing vast amounts of data.,Pro,Pro,
AI is enhancing creativity by providing new tools for artists and content creators.,Pro,Pro,
AI-powered systems can assist in improving employee performance by providing personalized feedback.,Pro,Pro,
AI is improving the accuracy of language translation by analyzing context.,Pro,Pro,
AI is helping businesses identify new market trends through predictive analytics.,Pro,Pro,
AI can help reduce healthcare costs by optimizing resource allocation.,Pro,Pro,
AI tools can improve the efficiency of customer service operations.,Pro,Pro,
AI is transforming marketing strategies by providing insights into customer behavior.,Pro,Pro,
AI can assist in improving decision-making in healthcare through data analysis.,Pro,Pro,
AI is optimizing supply chains in various industries to improve efficiency.,Pro,Pro,
AI can help businesses predict customer churn and improve retention strategies.,Pro,Pro,
AI can assist in improving product recommendations by analyzing customer preferences.,Pro,Pro,
AI tools can help improve the efficiency of educational systems by analyzing performance data.,Pro,Pro,
AI can help automate routine tasks in industries like manufacturing and logistics.,Pro,Pro,
AI is improving financial services by automating tasks like fraud detection and credit scoring.,Pro,Pro,
AI can assist in identifying patterns in health data to improve patient care.,Pro,Pro,
AI is enhancing the accuracy of stock market predictions through advanced algorithms.,Pro,Pro,
AI is revolutionizing the way we interact with technology by improving user interfaces.,Pro,Pro,
AI can assist in improving employee engagement by providing personalized development plans.,Pro,Pro,
AI is transforming real-time decision-making by providing data-driven insights.,Pro,Pro,
AI tools can optimize resource management in industries like construction and logistics.,Pro,Pro,
AI-powered systems are helping businesses improve customer retention through personalized experiences.,Pro,Pro,
AI can help reduce energy consumption in manufacturing industries by optimizing processes.,Pro,Pro,
AI models can improve marketing campaigns by identifying key trends in consumer behavior.,Pro,Pro,
AI can enhance the user experience by providing personalized recommendations on digital platforms.,Pro,Pro,
AI tools can help businesses identify inefficiencies in their processes to increase profitability.,Pro,Pro,
"AI can help predict the impact of climate change on specific regions, assisting in planning efforts.",Pro,Pro,
AI can improve the quality of education by offering personalized learning solutions.,Pro,Pro,
AI-powered systems are transforming the insurance industry by automating claims processing.,Pro,Pro,
AI can assist in improving the quality of financial analysis by providing data-driven insights.,Pro,Pro,
AI can help businesses reduce operational costs through automation.,Pro,Pro,
AI can optimize waste management in urban areas to reduce environmental impact.,Pro,Pro,
AI can assist in predicting and preventing cybersecurity threats.,Pro,Pro,
AI is improving the healthcare system by automating administrative tasks to free up medical staff.,Pro,Pro,
AI tools can help companies improve the efficiency of marketing efforts.,Pro,Pro,
AI can assist in improving public safety by analyzing data from surveillance systems.,Pro,Pro,
AI-powered systems can assist in streamlining hiring processes in human resources.,Pro,Pro,
AI can improve customer experiences in retail by predicting their preferences.,Pro,Pro,
AI can help streamline the design process in creative industries by automating repetitive tasks.,Pro,Pro,
AI can improve traffic flow in urban areas by optimizing traffic light systems.,Pro,Pro,
AI can help businesses stay competitive by providing insights into market trends.,Pro,Pro,
AI is advancing smart home technology by improving the automation of home systems.,Pro,Pro,
AI is improving logistics by helping to track and predict supply chain disruptions.,Pro,Pro,
AI can help in reducing waste in agriculture by predicting optimal planting conditions.,Pro,Pro,
AI can assist in improving the quality of customer support by providing real-time assistance.,Pro,Pro,
AI-powered systems can improve decision-making in emergency situations by analyzing data quickly.,Pro,Pro,
AI can optimize resource usage in various industries to reduce costs.,Pro,Pro,
AI is improving the quality of healthcare by assisting in accurate diagnosis.,Pro,Pro,
AI can assist in designing personalized fitness plans based on health data.,Pro,Pro,
AI is advancing autonomous technology by improving decision-making in self-driving cars.,Pro,Pro,
AI can help optimize production processes to reduce costs and increase efficiency.,Pro,Pro,
AI tools can help businesses improve their supply chain management.,Pro,Pro,
AI is transforming the education sector by providing personalized learning tools.,Pro,Pro,
AI can help businesses predict future sales trends to optimize inventory management.,Pro,Pro,
AI is transforming customer service by enabling faster response times through chatbots.,Pro,Pro,
AI is improving the efficiency of administrative tasks in the education sector.,Pro,Pro,
AI is enhancing user experiences by providing personalized recommendations on digital platforms.,Pro,Pro,
AI can help reduce waste in the food industry by predicting demand accurately.,Pro,Pro,
AI is helping medical researchers identify potential new treatments more quickly.,Pro,Pro,
AI can optimize production workflows in manufacturing by identifying inefficiencies.,Pro,Pro,
"AI can assist in predicting equipment failures, preventing downtime in industries.",Pro,Pro,
"AI tools can streamline administrative processes in organizations, improving efficiency.",Pro,Pro,
AI can assist in providing more personalized financial advice through data analysis.,Pro,Pro,
AI-powered systems can help healthcare providers track patient progress more effectively.,Pro,Pro,
AI is improving the efficiency of e-commerce platforms by automating order fulfillment.,Pro,Pro,
AI is assisting in reducing traffic congestion by providing real-time traffic data.,Pro,Pro,
AI tools can help optimize energy usage in manufacturing facilities.,Pro,Pro,
AI can assist in predicting future trends in consumer behavior to optimize marketing strategies.,Pro,Pro,
AI can improve environmental monitoring by analyzing vast datasets of environmental data.,Pro,Pro,
"AI tools can help automate quality control in manufacturing, improving consistency.",Pro,Pro,
AI-powered systems can help businesses optimize pricing strategies by analyzing market conditions.,Pro,Pro,
AI is improving disaster response efforts by providing data-driven insights during crises.,Pro,Pro,
"AI can improve the speed and accuracy of medical diagnoses, enhancing patient care.",Pro,Pro,
"AI can assist in predicting stock market trends, helping investors make informed decisions.",Pro,Pro,
AI can help organizations optimize their resource allocation for better efficiency.,Pro,Pro,
AI-powered systems are enhancing cybersecurity by detecting potential threats faster.,Pro,Pro,
AI is improving financial planning by automating calculations and predictions.,Pro,Pro,
AI tools can help businesses enhance product design by analyzing customer feedback.,Pro,Pro,
AI is improving supply chain management by predicting delays and disruptions.,Pro,Pro,
"AI can assist in automating routine tasks in healthcare, reducing administrative burdens.",Pro,Pro,
AI can help personalize education by tailoring lessons to individual student needs.,Pro,Pro,
AI is enabling smarter energy grids that optimize electricity distribution.,Pro,Pro,
"AI can help automate insurance claims, speeding up the process for customers.",Pro,Pro,
"AI is improving the quality of virtual assistants, providing more accurate responses.",Pro,Pro,
"AI tools can help in streamlining HR processes, making recruitment more efficient.",Pro,Pro,
AI-powered systems can help track and analyze the health of ecosystems for conservation.,Pro,Pro,
AI can help in reducing medical errors by assisting healthcare professionals with decision-making.,Pro,Pro,
AI is enhancing public transportation systems by providing real-time data on vehicle locations.,Pro,Pro,
AI is improving the quality of customer experiences by personalizing interactions.,Pro,Pro,
"AI can optimize crop yield prediction, helping farmers improve productivity.",Pro,Pro,
"AI is improving predictive maintenance systems in industries, preventing costly breakdowns.",Pro,Pro,
"AI tools can assist in automating project management tasks, increasing productivity.",Pro,Pro,
AI can improve the quality of healthcare by enabling better diagnostic accuracy.,Pro,Pro,
AI is improving decision-making in emergency management by analyzing real-time data.,Pro,Pro,
AI-powered systems are enhancing language translation services by improving accuracy.,Pro,Pro,
AI can help businesses manage their operations more efficiently by analyzing performance data.,Pro,Pro,
"AI can assist in predicting future energy demand, enabling more effective energy planning.",Pro,Pro,
AI-powered chatbots are enhancing customer support by providing 24/7 assistance.,Pro,Pro,
"AI can help improve product recommendations in e-commerce, increasing sales.",Pro,Pro,
"AI can assist in automating research tasks, allowing scientists to focus on critical analysis.",Pro,Pro,
AI is improving the speed and accuracy of fraud detection in financial services.,Pro,Pro,
AI is helping companies reduce operational costs by optimizing business processes.,Pro,Pro,
AI-powered systems are improving online security by detecting potential breaches faster.,Pro,Pro,
AI can assist in tracking and managing inventory more effectively in retail.,Pro,Pro,
AI is enhancing decision-making in supply chain management by predicting demand.,Pro,Pro,
AI tools can help businesses predict future market conditions for better strategy planning.,Pro,Pro,
"AI can optimize energy consumption in industrial settings, reducing costs and environmental impact.",Pro,Pro,
AI can improve customer engagement by personalizing content delivery.,Pro,Pro,
AI-powered systems are helping businesses detect and prevent cyber threats.,Pro,Pro,
AI is improving medical research by providing new insights into complex data patterns.,Pro,Pro,
"AI can assist in automating the scheduling process for businesses, saving time and resources.",Pro,Pro,
AI is transforming the insurance industry by improving risk assessments through data analysis.,Pro,Pro,
AI-powered systems can help businesses better understand their customers through advanced data analytics.,Pro,Pro,
AI is assisting in reducing the time required to bring new drugs to market by improving research efficiency.,Pro,Pro,
"AI can help predict weather patterns more accurately, assisting in disaster preparedness.",Pro,Pro,
AI tools can improve customer service by providing real-time solutions to inquiries.,Pro,Pro,
"AI is improving the personalization of advertising, leading to more relevant content for consumers.",Pro,Pro,
"AI can assist in improving the management of natural resources, promoting sustainability.",Pro,Pro,
AI is enhancing the user experience in digital platforms by providing personalized recommendations.,Pro,Pro,
AI-powered systems can help reduce waste in manufacturing by optimizing production processes.,Pro,Pro,
"AI can help predict future health risks, enabling early intervention in healthcare.",Pro,Pro,
AI is improving the safety of autonomous vehicles by analyzing data in real-time.,Pro,Pro,
AI-powered systems are improving social media platforms by identifying harmful content.,Pro,Pro,
AI can assist in improving the efficiency of law enforcement by analyzing crime patterns.,Pro,Pro,
AI is enhancing virtual learning platforms by personalizing content based on student progress.,Pro,Pro,
AI tools can help businesses make more informed decisions through predictive analytics.,Pro,Pro,
AI is improving disaster relief efforts by analyzing data to predict the most affected areas.,Pro,Pro,
"AI can assist in automating the supply chain, reducing the need for human intervention.",Pro,Pro,
AI is transforming the way we work by automating repetitive tasks and improving productivity.,Pro,Pro,
AI tools are helping in the development of new materials with advanced properties.,Pro,Pro,
AI is improving healthcare by providing accurate predictions about patient health trends.,Pro,Pro,
AI can help in identifying and mitigating cybersecurity threats in real-time.,Pro,Pro,
AI is enhancing the user experience in entertainment by recommending personalized content.,Pro,Pro,
AI can assist in reducing fraud in financial transactions by analyzing patterns and behaviors.,Pro,Pro,
AI-powered systems can improve the efficiency of manufacturing by optimizing workflows.,Pro,Pro,
AI can help businesses analyze customer feedback to improve their products.,Pro,Pro,
"AI is improving logistics by predicting optimal delivery routes, reducing costs.",Pro,Pro,
AI tools can assist in improving the accuracy of tax assessments and audits.,Pro,Pro,
"AI can optimize resource allocation in public services, improving efficiency.",Pro,Pro,
AI is transforming healthcare by enabling precision medicine tailored to individual patients.,Pro,Pro,
AI is improving customer support in retail by providing immediate responses to inquiries.,Pro,Pro,
AI tools can help improve employee productivity by automating routine tasks.,Pro,Pro,
AI is improving communication systems by providing real-time language translation.,Pro,Pro,
AI can help businesses streamline their marketing efforts by automating customer outreach.,Pro,Pro,
AI is improving employee training by providing personalized learning experiences.,Pro,Pro,
AI tools can assist in improving financial risk assessments for businesses.,Pro,Pro,
AI is advancing smart cities by optimizing traffic management and energy consumption.,Pro,Pro,
AI can help businesses improve customer retention by predicting churn.,Pro,Pro,
AI-powered systems can optimize marketing strategies by analyzing consumer behavior patterns.,Pro,Pro,
AI is improving security by monitoring and detecting potential threats in real-time.,Pro,Pro,
AI tools are assisting in streamlining administrative tasks in education.,Pro,Pro,
AI is transforming the healthcare industry by improving patient diagnosis accuracy.,Pro,Pro,
AI can assist in improving agricultural practices by predicting optimal growing conditions.,Pro,Pro,
AI is enhancing user experiences in retail by providing personalized recommendations.,Pro,Pro,
AI can help improve transportation systems by reducing traffic congestion through optimization.,Pro,Pro,
AI-powered systems can assist in reducing energy consumption in industrial sectors.,Pro,Pro,
AI is improving the quality of digital assistants by enabling more natural conversations.,Pro,Pro,
AI can help optimize supply chain management by predicting inventory needs.,Pro,Pro,
AI can assist in improving business operations by automating routine tasks.,Pro,Pro,
AI is enhancing decision-making by providing data-driven insights in various sectors.,Pro,Pro,
AI tools can help healthcare providers improve the accuracy of patient diagnoses.,Pro,Pro,
AI-powered systems are improving the efficiency of inventory management in retail.,Pro,Pro,
AI can assist in streamlining patient scheduling in healthcare facilities.,Pro,Pro,
AI is enhancing education by providing personalized learning experiences for students.,Pro,Pro,
AI can help improve workplace safety by analyzing potential hazards and suggesting preventive measures.,Pro,Pro,
AI is transforming financial services by enabling more accurate risk assessments.,Pro,Pro,
AI is helping improve public safety by detecting potential threats through surveillance systems.,Pro,Pro,
"AI-powered systems can help companies predict customer demands, optimizing inventory levels.",Pro,Pro,
AI is assisting in reducing energy consumption in commercial buildings through optimization.,Pro,Pro,
"AI tools are helping businesses identify market trends, improving decision-making.",Pro,Pro,
AI is enhancing the healthcare industry by automating routine administrative tasks.,Pro,Pro,
AI is helping optimize supply chain logistics by predicting potential disruptions.,Pro,Pro,
AI tools are improving customer service by enabling faster response times through chatbots.,Pro,Pro,
AI-powered systems can help companies create more targeted marketing campaigns based on customer data.,Pro,Pro,
AI is improving the accuracy of financial forecasting by analyzing historical data.,Pro,Pro,
AI is transforming retail by enabling personalized shopping experiences for customers.,Pro,Pro,
AI is enhancing transportation systems by predicting maintenance needs before they become issues.,Pro,Pro,
AI tools are helping organizations manage their human resources more effectively.,Pro,Pro,
AI is advancing the field of medicine by improving the accuracy of diagnostic tools.,Pro,Pro,
AI can assist in reducing food waste by predicting demand more accurately in the food industry.,Pro,Pro,
AI-powered systems are improving decision-making in government through data-driven analysis.,Pro,Pro,
AI tools are helping improve website accessibility for people with disabilities.,Pro,Pro,
AI is transforming the automotive industry by enabling the development of autonomous vehicles.,Pro,Pro,
AI-powered systems are enhancing fraud detection capabilities in financial institutions.,Pro,Pro,
AI can assist in streamlining the recruitment process by analyzing resumes more efficiently.,Pro,Pro,
AI is improving research capabilities by automating data analysis in scientific fields.,Pro,Pro,
AI is helping enhance the cybersecurity of digital platforms by identifying potential vulnerabilities.,Pro,Pro,
AI-powered systems are assisting businesses in predicting future trends in the market.,Pro,Pro,
AI is improving the efficiency of manufacturing processes by automating repetitive tasks.,Pro,Pro,
AI is enhancing social media platforms by detecting harmful content and ensuring user safety.,Pro,Pro,
AI is improving environmental monitoring by analyzing data from sensors in real-time.,Pro,Pro,
AI tools are helping healthcare providers manage patient records more efficiently.,Pro,Pro,
AI can assist in improving disaster recovery efforts by analyzing affected areas through satellite data.,Pro,Pro,
AI is transforming the legal field by automating routine tasks and assisting with research.,Pro,Pro,
AI-powered systems can help businesses reduce operational costs by automating manual tasks.,Pro,Pro,
AI is improving customer engagement by providing more personalized experiences on digital platforms.,Pro,Pro,
AI is advancing autonomous technology by enhancing vehicle navigation systems.,Pro,Pro,
AI tools can assist in identifying emerging market trends to inform business strategies.,Pro,Pro,
AI is enhancing the financial sector by improving fraud detection and prevention systems.,Pro,Pro,
AI is helping companies provide more targeted product recommendations through personalized algorithms.,Pro,Pro,
"AI tools are transforming the way data is analyzed in the healthcare industry, improving outcomes.",Pro,Pro,
AI can assist in reducing the time required to process insurance claims.,Pro,Pro,
AI is advancing energy-efficient technologies by optimizing energy consumption in various industries.,Pro,Pro,
AI-powered systems are helping improve patient care by providing data-driven insights.,Pro,Pro,
AI can assist in improving logistics in supply chains by predicting delays and optimizing routes.,Pro,Pro,
AI is improving the speed and accuracy of credit assessments in financial institutions.,Pro,Pro,
AI-powered systems are enhancing online security by identifying threats in real-time.,Pro,Pro,
AI is advancing research in renewable energy by analyzing large datasets of environmental factors.,Pro,Pro,
AI is helping businesses optimize their advertising strategies by analyzing consumer behavior.,Pro,Pro,
"AI tools can assist in automating customer support tasks, reducing response times.",Pro,Pro,
AI is improving online shopping experiences by offering personalized product recommendations.,Pro,Pro,
AI is enhancing customer service in the retail industry by providing 24/7 assistance through chatbots.,Pro,Pro,
AI can help organizations manage their supply chains more effectively by predicting demand.,Pro,Pro,
AI tools are improving the quality of life for people with disabilities through assistive technologies.,Pro,Pro,
AI-powered systems are helping streamline financial planning by automating calculations.,Pro,Pro,
AI is improving employee productivity by automating time-consuming tasks in various industries.,Pro,Pro,
AI is enhancing healthcare diagnostics by analyzing medical imaging more accurately.,Pro,Pro,
AI-powered systems are helping prevent cyber-attacks by detecting suspicious activity.,Pro,Pro,
AI is transforming the entertainment industry by enhancing personalized recommendations on streaming platforms.,Pro,Pro,
AI tools can help reduce transportation costs by optimizing delivery routes.,Pro,Pro,
AI is enhancing online education by providing personalized feedback and resources to students.,Pro,Pro,
AI-powered systems are improving marketing strategies by analyzing consumer data for better targeting.,Pro,Pro,
AI is assisting in reducing waste in the fashion industry by optimizing production processes.,Pro,Pro,
AI tools can help businesses optimize employee performance through data-driven insights.,Pro,Pro,
AI is transforming the real estate industry by automating property evaluations and management.,Pro,Pro,
AI-powered systems are helping streamline product design by analyzing consumer feedback.,Pro,Pro,
AI is improving mental health care by providing virtual therapy tools.,Pro,Pro,
AI is enhancing public services by improving the efficiency of service delivery.,Pro,Pro,
AI can help businesses make better hiring decisions by analyzing resumes and performance data.,Pro,Pro,
AI is improving disaster response efforts by providing real-time insights from sensors.,Pro,Pro,
AI-powered systems are improving the accuracy of weather forecasts by analyzing large datasets.,Pro,Pro,
AI can assist in improving the sustainability of agriculture by predicting crop yields.,Pro,Pro,
AI tools are helping businesses improve customer retention by predicting churn.,Pro,Pro,
AI is enhancing the user experience in gaming by providing more realistic environments.,Pro,Pro,
AI is transforming healthcare by enabling personalized medicine tailored to individual needs.,Pro,Pro,
AI can assist in streamlining business operations by automating inventory management.,Pro,Pro,
AI-powered systems are enhancing content moderation by detecting inappropriate content on social media.,Pro,Pro,
AI is improving supply chain management by predicting demand more accurately.,Pro,Pro,
AI tools can assist in reducing energy consumption in households by optimizing usage.,Pro,Pro,
AI is transforming the finance industry by enabling more accurate credit scoring.,Pro,Pro,
AI is helping businesses enhance their decision-making capabilities by analyzing historical data.,Pro,Pro,
AI-powered systems are improving public health by predicting disease outbreaks.,Pro,Pro,
AI is improving transportation networks by predicting maintenance needs and reducing delays.,Pro,Pro,
AI is enhancing education by providing real-time assessments of student performance.,Pro,Pro,
AI is helping healthcare providers reduce costs by automating administrative tasks.,Pro,Pro,
AI-powered systems are transforming logistics by predicting demand and optimizing delivery routes.,Pro,Pro,
AI can assist in improving water conservation efforts by analyzing usage patterns.,Pro,Pro,
AI is improving content creation by assisting in generating new ideas and concepts.,Pro,Pro,
AI is helping companies provide better customer service through automation and AI assistants.,Pro,Pro,
AI tools are assisting businesses in analyzing consumer preferences to tailor their offerings.,Pro,Pro,
AI can enhance the accuracy of medical diagnoses by analyzing large volumes of data.,Pro,Pro,
AI is improving the efficiency of energy consumption by optimizing energy use in buildings.,Pro,Pro,
AI tools can assist in enhancing research productivity by automating data collection and analysis.,Pro,Pro,
AI is helping businesses reduce costs by automating administrative tasks.,Pro,Pro,
AI-powered systems are improving financial forecasting by analyzing market conditions.,Pro,Pro,
AI is transforming the job market by enabling more flexible working conditions.,Pro,Pro,
AI is enhancing manufacturing by enabling predictive maintenance to avoid costly repairs.,Pro,Pro,
AI is improving the speed and accuracy of legal document review in law firms.,Pro,Pro,
AI can assist in streamlining HR processes by automating recruitment and performance reviews.,Pro,Pro,
AI is improving the safety of autonomous vehicles by providing real-time data analysis.,Pro,Pro,
AI tools are improving customer service by offering 24/7 assistance through chatbots.,Pro,Pro,
AI is advancing climate change research by analyzing vast amounts of environmental data.,Pro,Pro,
AI-powered systems can help organizations improve their decision-making processes by providing data-driven insights.,Pro,Pro,
AI is improving traffic flow in cities by optimizing traffic light timings.,Pro,Pro,
AI-powered systems are enhancing the accuracy of voice recognition technology.,Pro,Pro,
AI is enabling smarter city infrastructure by automating utilities management.,Pro,Pro,
AI can assist in identifying fraud in insurance claims by analyzing patterns.,Pro,Pro,
AI is improving emergency response times by optimizing dispatch systems.,Pro,Pro,
AI tools are improving healthcare outcomes by predicting patient risks before they occur.,Pro,Pro,
AI is transforming the way retailers manage stock levels by predicting demand patterns.,Pro,Pro,
AI-powered systems are assisting in reducing the environmental impact of manufacturing processes.,Pro,Pro,
AI is helping enhance customer experience by automating personalized recommendations on e-commerce platforms.,Pro,Pro,
AI is improving agricultural practices by enabling precision farming techniques.,Pro,Pro,
AI-powered systems are helping businesses optimize their supply chains by predicting demand and supply disruptions.,Pro,Pro,
AI is transforming education by providing personalized learning experiences for students with varying abilities.,Pro,Pro,
AI-powered systems are assisting in streamlining operations in the logistics industry.,Pro,Pro,
AI is improving the accuracy of facial recognition systems for security purposes.,Pro,Pro,
AI tools are helping healthcare professionals monitor patient progress through data analysis.,Pro,Pro,
AI can help businesses track customer behavior patterns to improve marketing strategies.,Pro,Pro,
AI-powered systems are optimizing energy consumption in industrial applications.,Pro,Pro,
AI is assisting in the development of new drugs by analyzing biological data.,Pro,Pro,
AI tools are helping companies better understand their customers through sentiment analysis.,Pro,Pro,
AI is enhancing communication systems by improving language translation services.,Pro,Pro,
AI is helping reduce workplace injuries by analyzing safety risks in real-time.,Pro,Pro,
AI-powered systems are assisting in the prevention of cyber-attacks by identifying threats before they occur.,Pro,Pro,
AI is advancing climate research by providing models to predict long-term environmental changes.,Pro,Pro,
AI tools are helping governments improve public services by analyzing citizen data.,Pro,Pro,
AI is improving the accuracy of weather forecasts by analyzing historical data and patterns.,Pro,Pro,
AI-powered systems are helping businesses streamline inventory management by predicting stock levels.,Pro,Pro,
AI is enhancing real-time decision-making in the transportation industry by predicting traffic patterns.,Pro,Pro,
AI is assisting healthcare providers by analyzing patient data for early diagnosis of diseases.,Pro,Pro,
AI tools are enabling businesses to better manage their workforce by optimizing staffing levels.,Pro,Pro,
AI is transforming the entertainment industry by creating more personalized content recommendations.,Pro,Pro,
AI is improving financial planning by providing predictive insights into market trends.,Pro,Pro,
AI-powered systems are helping reduce waste in the manufacturing process by optimizing production schedules.,Pro,Pro,
AI is helping optimize public transportation systems by predicting commuter patterns.,Pro,Pro,
AI tools are improving customer service by automating repetitive inquiries through chatbots.,Pro,Pro,
AI is enhancing energy conservation by predicting and optimizing energy use in commercial buildings.,Pro,Pro,
AI is improving remote work environments by providing virtual collaboration tools.,Pro,Pro,
AI-powered systems are optimizing healthcare resource allocation by predicting patient volumes.,Pro,Pro,
AI tools are helping businesses increase efficiency by automating routine administrative tasks.,Pro,Pro,
AI is improving security in public spaces by using surveillance systems to detect suspicious activity.,Pro,Pro,
AI-powered systems are helping businesses detect anomalies in financial transactions to prevent fraud.,Pro,Pro,
AI is transforming customer relationship management by providing data-driven insights into customer preferences.,Pro,Pro,
AI tools are helping companies improve decision-making by analyzing customer feedback.,Pro,Pro,
AI is advancing research in renewable energy by analyzing data on solar and wind patterns.,Pro,Pro,
AI-powered systems are improving quality control in manufacturing by identifying defects in real-time.,Pro,Pro,
AI is transforming the real estate industry by automating property valuation processes.,Pro,Pro,
AI-powered systems are helping improve logistics by optimizing warehouse management and delivery routes.,Pro,Pro,
AI is improving social media moderation by detecting harmful content before it reaches users.,Pro,Pro,
AI-powered systems are assisting in fraud prevention by detecting unusual activity patterns.,Pro,Pro,
AI is advancing healthcare by providing predictive tools to manage patient care.,Pro,Pro,
AI tools are helping reduce energy consumption in households by providing real-time energy usage data.,Pro,Pro,
AI-powered systems are assisting in reducing food waste by predicting demand in the food supply chain.,Pro,Pro,
AI is transforming supply chain management by predicting delays and suggesting alternative routes.,Pro,Pro,
AI tools are enhancing decision-making in healthcare by providing data-driven insights into treatment options.,Pro,Pro,
AI is helping automate legal work by assisting with document review and contract analysis.,Pro,Pro,
AI-powered systems are improving e-commerce by offering personalized shopping experiences for customers.,Pro,Pro,
AI is assisting in optimizing public service delivery by analyzing government data.,Pro,Pro,
"AI tools are helping companies automate routine customer service inquiries, improving response times.",Pro,Pro,
AI is transforming the music industry by offering new tools for music production and distribution.,Pro,Pro,
AI-powered systems are helping improve cybersecurity by identifying vulnerabilities before they are exploited.,Pro,Pro,
AI is assisting in reducing the environmental impact of industrial production by optimizing processes.,Pro,Pro,
AI tools are helping healthcare providers manage patient care by automating administrative tasks.,Pro,Pro,
AI-powered systems are improving transportation by predicting traffic congestion in real-time.,Pro,Pro,
AI is helping streamline education by automating grading and administrative tasks.,Pro,Pro,
AI tools are assisting in improving patient outcomes by analyzing medical data for early diagnosis.,Pro,Pro,
AI is improving business operations by streamlining supply chain management.,Pro,Pro,
AI-powered systems are helping companies improve their customer service through AI-powered chatbots.,Pro,Pro,
AI is improving the accuracy of predictive models in climate science.,Pro,Pro,
AI-powered systems are improving employee productivity by automating routine tasks.,Pro,Pro,
AI is transforming digital marketing by improving targeting through data-driven insights.,Pro,Pro,
AI-powered systems are improving government services by automating public sector operations.,Pro,Pro,
"AI is assisting in automating repetitive tasks in various industries, improving efficiency.",Pro,Pro,
AI-powered systems are helping in personalized customer service by analyzing preferences.,Pro,Pro,
AI is improving inventory management in warehouses by optimizing stock levels in real-time.,Pro,Pro,
AI is transforming content creation by automating video production processes.,Pro,Pro,
AI-powered systems are helping reduce operational costs in manufacturing by automating production lines.,Pro,Pro,
AI is enhancing the healthcare industry by improving the accuracy of diagnostic tools.,Pro,Pro,
AI is improving the education sector by creating personalized learning experiences for students.,Pro,Pro,
AI-powered systems are helping businesses improve customer service through efficient problem-solving.,Pro,Pro,
AI is transforming logistics by improving the accuracy of delivery estimates.,Pro,Pro,
AI tools are enhancing supply chain management by improving visibility and control over operations.,Pro,Pro,
AI is helping improve the healthcare sector by predicting patient health outcomes.,Pro,Pro,
AI is assisting in improving transportation safety by analyzing vehicle data.,Pro,Pro,
AI-powered systems are improving fraud detection in banking by analyzing transaction patterns.,Pro,Pro,
AI is advancing energy research by optimizing the use of renewable energy sources.,Pro,Pro,
AI is assisting businesses in improving decision-making by analyzing market data.,Pro,Pro,
AI tools are helping healthcare providers optimize the use of resources in hospitals.,Pro,Pro,
AI-powered systems are transforming the retail industry by enhancing inventory management.,Pro,Pro,
AI is advancing research in agriculture by predicting crop yields.,Pro,Pro,
AI tools are helping businesses enhance their operations through data-driven insights.,Pro,Pro,
AI-powered systems are improving the accuracy of financial predictions in the banking industry.,Pro,Pro,
AI is improving logistics by predicting demand and optimizing routes.,Pro,Pro,
AI-powered tools are assisting in reducing waste in the food industry by predicting consumption patterns.,Pro,Pro,
AI is improving disaster response by analyzing satellite data for emergency management.,Pro,Pro,
AI-powered systems are transforming the entertainment industry by creating personalized content recommendations.,Pro,Pro,
AI is helping streamline patient care by automating appointment scheduling and reminders.,Pro,Pro,
AI is assisting in improving financial planning by providing market analysis and predictions.,Pro,Pro,
AI-powered systems are enhancing the accuracy of predictive analytics in healthcare.,Pro,Pro,
AI is improving precision medicine by analyzing genetic data to tailor treatments.,Pro,Pro,
AI tools are improving employee training by providing personalized learning experiences.,Pro,Pro,
AI is helping optimize transportation systems by improving route planning and reducing congestion.,Pro,Pro,
AI-powered systems are advancing security in public spaces by detecting potential threats through surveillance.,Pro,Pro,
AI is improving customer service by automating routine tasks and providing quick responses.,Pro,Pro,
AI-powered systems are helping to enhance sustainability efforts in manufacturing by reducing waste.,Pro,Pro,
AI is transforming education by providing personalized learning paths for students.,Pro,Pro,
AI-powered systems are improving the efficiency of supply chain management by automating inventory.,Pro,Pro,
AI is assisting in early diagnosis of diseases by analyzing patient data and symptoms.,Pro,Pro,
AI-powered tools are assisting in improving mental health by providing personalized recommendations.,Pro,Pro,
AI is advancing scientific research by analyzing large datasets to uncover new insights.,Pro,Pro,
AI-powered systems are helping businesses increase productivity by automating repetitive tasks.,Pro,Pro,
AI is improving the energy sector by optimizing the use of renewable energy sources.,Pro,Pro,
AI-powered tools are helping the finance sector identify patterns and trends in market data.,Pro,Pro,
AI is advancing marketing strategies by analyzing consumer behavior and predicting trends.,Pro,Pro,
AI-powered systems are improving public health by analyzing disease patterns and improving resource allocation.,Pro,Pro,
AI is transforming customer experience by providing personalized product recommendations.,Pro,Pro,
AI is improving environmental sustainability by optimizing energy consumption in industries.,Pro,Pro,
AI-powered systems are assisting in reducing cybersecurity threats by identifying potential vulnerabilities.,Pro,Pro,
AI is improving social media platforms by automating content moderation.,Pro,Pro,
AI tools are helping reduce fraud in financial transactions by detecting anomalies.,Pro,Pro,
AI is advancing transportation systems by enabling self-driving technology.,Pro,Pro,
AI is helping in scientific research by providing tools for data analysis and visualization.,Pro,Pro,
AI-powered systems are enhancing supply chain efficiency by predicting disruptions.,Pro,Pro,
AI is improving healthcare accessibility by enabling telemedicine services.,Pro,Pro,
AI is assisting in improving the efficiency of government operations by automating administrative tasks.,Pro,Pro,
AI-powered systems are improving marketing efficiency by analyzing customer data for targeted ads.,Pro,Pro,
AI is transforming the job market by creating new roles in AI development and implementation.,Pro,Pro,
AI is improving urban development by optimizing the use of resources in cities.,Pro,Pro,
AI is assisting in increasing food production by optimizing agricultural practices.,Pro,Pro,
AI-powered tools are transforming the fashion industry by improving inventory management.,Pro,Pro,
AI is helping optimize public transportation systems by predicting commuter demand.,Pro,Pro,
AI-powered systems are enhancing virtual assistants by improving their natural language understanding.,Pro,Pro,
AI is improving public safety by detecting anomalies in surveillance data in real-time.,Pro,Pro,
AI is advancing robotics by enabling robots to make real-time decisions based on sensory input.,Pro,Pro,
AI-powered systems are helping optimize the scheduling of medical procedures.,Pro,Pro,
AI is helping streamline operations in the hospitality industry by automating check-ins and customer inquiries.,Pro,Pro,
AI is improving accessibility for individuals with disabilities by providing assistive technologies.,Pro,Pro,
AI-powered systems are enhancing financial fraud detection by analyzing transaction patterns.,Pro,Pro,
AI is transforming manufacturing by optimizing production schedules and reducing downtime.,Pro,Pro,
AI is improving customer engagement by providing personalized messaging.,Pro,Pro,
AI tools are helping businesses improve decision-making by analyzing customer feedback.,Pro,Pro,
AI is advancing natural language processing technologies to improve voice assistants.,Pro,Pro,
AI-powered systems are improving inventory control in retail by predicting product demand.,Pro,Pro,
AI is enhancing the music industry by providing tools for automated composition.,Pro,Pro,
AI is assisting in reducing energy consumption in the industrial sector by optimizing processes.,Pro,Pro,
AI tools are helping businesses predict customer needs by analyzing data trends.,Pro,Pro,
AI-powered systems are assisting in optimizing retail pricing strategies by analyzing market conditions.,Pro,Pro,
AI is improving transportation by enabling autonomous vehicles to make better driving decisions.,Pro,Pro,
AI-powered systems are improving security in banking by detecting fraudulent transactions.,Pro,Pro,
AI is transforming the healthcare industry by providing real-time data to improve patient care.,Pro,Pro,
AI is enhancing the quality of healthcare services by enabling faster diagnosis.,Pro,Pro,
AI is improving environmental monitoring by providing real-time data on air and water quality.,Pro,Pro,
AI is improving the efficiency of administrative tasks in education by automating grading and scheduling.,Pro,Pro,
AI-powered systems are assisting in improving traffic management by reducing congestion.,Pro,Pro,
AI is improving disaster preparedness by predicting weather patterns and natural events.,Pro,Pro,
AI tools are helping businesses increase operational efficiency by automating routine tasks.,Pro,Pro,
AI is improving the accuracy of medical diagnoses by analyzing patient records.,Pro,Pro,
AI is advancing research in renewable energy by optimizing power generation.,Pro,Pro,
AI tools are helping businesses improve their customer retention strategies by analyzing feedback.,Pro,Pro,
AI-powered systems are improving communication by enhancing language translation services.,Pro,Pro,
AI is improving transportation safety by analyzing vehicle data to prevent accidents.,Pro,Pro,
AI tools are helping organizations improve decision-making through data-driven insights.,Pro,Pro,
AI is enhancing retail experiences by providing personalized shopping suggestions.,Pro,Pro,
AI-powered systems are improving disaster relief efforts by optimizing resource allocation.,Pro,Pro,
AI is helping businesses improve their financial performance by analyzing market trends.,Pro,Pro,
AI tools are helping optimize industrial processes by identifying inefficiencies.,Pro,Pro,
AI is assisting in streamlining logistics by optimizing routes and schedules.,Pro,Pro,
AI-powered systems are enhancing cybersecurity by detecting anomalies in network traffic.,Pro,Pro,
AI is improving mental health care by providing personalized therapy recommendations.,Pro,Pro,
AI-powered systems are enhancing business operations by automating supply chain management.,Pro,Pro,
AI is improving scientific research by providing tools for data analysis and interpretation.,Pro,Pro,
AI tools are helping improve productivity in the workplace by automating repetitive tasks.,Pro,Pro,
AI is assisting in reducing food waste by optimizing supply chain operations.,Pro,Pro,
AI is helping improve disaster recovery by providing real-time data on affected areas.,Pro,Pro,
AI-powered systems are enhancing educational experiences by providing personalized learning paths.,Pro,Pro,
AI is transforming customer service by automating routine inquiries and offering personalized solutions.,Pro,Pro,
AI-powered systems are improving energy management by optimizing energy consumption in commercial buildings.,Pro,Pro,
AI is assisting in reducing environmental pollution by optimizing industrial processes.,Pro,Pro,
AI-powered systems are improving financial forecasting by analyzing market trends.,Pro,Pro,
AI is advancing the telecommunications industry by optimizing network infrastructure.,Pro,Pro,
AI is improving agricultural productivity by providing precision farming solutions.,Pro,Pro,
AI is transforming e-commerce by providing personalized shopping experiences.,Pro,Pro,
AI tools are helping businesses increase operational efficiency by automating tasks.,Pro,Pro,
AI is improving healthcare accessibility by enabling virtual consultations with healthcare professionals.,Pro,Pro,
AI-powered systems are improving the accuracy of weather forecasts by analyzing data trends.,Pro,Pro,
